district,state,elevation_m,slope_deg,rainfall_mm,soil_saturation_pct,historical_hazards_count,is_bypass,disruption_risk
SHILLONG,MEGHALAYA,1520,27,127.4,29.0,72,0,2
HAFLONG,ASSAM,260,11,148.4,42.2,17,1,0
MANGAN,SIKKIM,1217,50,355.2,90.8,118,0,2
NONGPOH,MEGHALAYA,283,6,100.6,21.4,11,1,0
SHILLONG,MEGHALAYA,1085,13,171.4,48.2,27,1,1
GANGTOK,SIKKIM,1680,42,290.3,86.4,125,0,2
IMPHAL,MANIPUR,751,24,342.8,100.0,39,0,2
NONEY,MANIPUR,648,34,296.1,80.1,84,0,2
DIMAPUR,NAGALAND,80,3,156.6,45.2,9,1,0
NONGPOH,MEGHALAYA,465,21,171.8,54.5,32,0,2
NONEY,MANIPUR,454,17,45.8,10.0,19,1,0
AIZAWL,MIZORAM,1119,43,187.0,54.4,104,0,2
GANGTOK,SIKKIM,883,15,137.0,42.0,40,1,0
MANGAN,SIKKIM,708,24,128.8,39.9,27,1,1
SHILLONG,MEGHALAYA,1565,26,311.4,88.0,90,0,2
GANGTOK,SIKKIM,1070,18,139.6,45.9,28,1,1
SHILLONG,MEGHALAYA,1055,11,68.5,11.1,19,1,0
AIZAWL,MIZORAM,1156,35,181.5,52.6,102,0,2
IMPHAL,MANIPUR,793,16,404.2,100.0,49,0,2
GUWAHATI,ASSAM,34,3,217.4,65.3,3,1,0
NONEY,MANIPUR,630,39,109.1,30.1,72,0,2
HAFLONG,ASSAM,488,36,401.9,100.0,77,0,2
TAWANG,ARUNACHAL PRADESH,1971,23,164.2,49.0,38,1,1
GANGTOK,SIKKIM,1005,19,80.4,19.7,25,1,0
NONEY,MANIPUR,600,31,294.6,77.5,92,0,2
SILCHAR,ASSAM,20,3,78.6,16.0,16,1,0
ITANAGAR,ARUNACHAL PRADESH,340,40,112.1,33.7,101,0,2
DIMAPUR,NAGALAND,87,4,157.6,46.1,5,1,0
SILCHAR,ASSAM,23,3,74.5,21.3,10,1,0
JOWAI,MEGHALAYA,753,15,53.6,19.8,32,1,0
SHILLONG,MEGHALAYA,1554,24,395.0,100.0,67,0,2
NONGPOH,MEGHALAYA,301,7,50.6,12.1,8,1,0
GANGTOK,SIKKIM,1207,21,165.4,49.6,29,1,1
ITANAGAR,ARUNACHAL PRADESH,304,38,409.4,100.0,101,0,2
SILCHAR,ASSAM,20,3,193.5,48.3,14,1,0
TAWANG,ARUNACHAL PRADESH,2643,41,103.1,34.4,119,0,2
GANGTOK,SIKKIM,1682,41,282.1,80.3,123,0,2
MANGAN,SIKKIM,880,17,83.0,21.4,41,1,0
LUNGLEI,MIZORAM,418,18,122.5,42.0,16,1,0
SHILLONG,MEGHALAYA,1553,27,170.2,54.2,81,0,2
HAFLONG,ASSAM,519,30,229.0,64.3,67,0,2
LUNGLEI,MIZORAM,752,36,115.2,38.1,89,0,2
AIZAWL,MIZORAM,1105,42,172.6,49.6,86,0,2
KOHIMA,NAGALAND,1437,38,165.4,52.5,87,0,2
SILCHAR,ASSAM,49,4,81.2,26.9,39,0,0
AIZAWL,MIZORAM,1148,42,225.4,54.8,104,0,2
HAFLONG,ASSAM,541,26,278.1,71.6,73,0,2
JOWAI,MEGHALAYA,1379,36,410.5,100.0,103,0,2
DIMAPUR,NAGALAND,136,14,200.3,56.6,18,0,1
MANGAN,SIKKIM,1190,43,355.7,100.0,135,0,2
GUWAHATI,ASSAM,57,7,307.8,89.3,27,0,2
NONEY,MANIPUR,345,16,47.0,12.6,22,1,0
IMPHAL,MANIPUR,461,9,80.1,24.8,15,1,0
GANGTOK,SIKKIM,939,15,103.2,28.8,40,1,0
KOHIMA,NAGALAND,1418,34,277.4,84.8,77,0,2
SILCHAR,ASSAM,71,6,327.7,88.0,49,0,2
TAWANG,ARUNACHAL PRADESH,2669,49,166.6,49.6,106,0,2
GUWAHATI,ASSAM,61,7,402.6,100.0,5,0,2
KOHIMA,NAGALAND,1442,38,306.7,82.4,81,0,2
LUNGLEI,MIZORAM,706,38,399.7,100.0,89,0,2
NONGPOH,MEGHALAYA,291,9,77.8,26.2,7,1,0
KOHIMA,NAGALAND,881,16,182.9,58.2,24,1,1
NONGPOH,MEGHALAYA,481,22,295.2,79.4,41,0,2
NONEY,MANIPUR,355,13,84.1,23.0,16,1,0
HAFLONG,ASSAM,309,14,165.3,45.8,17,1,0
NONEY,MANIPUR,600,31,224.5,57.2,94,0,2
TAWANG,ARUNACHAL PRADESH,1363,17,122.2,38.8,40,1,1
TAWANG,ARUNACHAL PRADESH,1961,23,169.5,47.2,35,1,1
AGARTALA,TRIPURA,35,6,335.6,98.7,6,0,2
AIZAWL,MIZORAM,743,15,91.4,21.7,19,1,0
KOHIMA,NAGALAND,1421,32,210.2,52.8,79,0,2
IMPHAL,MANIPUR,799,20,264.5,72.1,42,0,2
IMPHAL,MANIPUR,469,9,43.5,18.2,16,1,0
GANGTOK,SIKKIM,827,17,193.6,61.0,40,1,1
MANGAN,SIKKIM,1222,44,228.2,55.9,118,0,2
KOHIMA,NAGALAND,983,17,216.5,60.7,31,1,1
GANGTOK,SIKKIM,1620,48,126.1,34.4,118,0,2
SILCHAR,ASSAM,20,3,177.0,47.2,12,1,0
MANGAN,SIKKIM,850,19,49.4,21.0,41,1,0
NONEY,MANIPUR,605,30,147.8,33.4,77,0,2
JOWAI,MEGHALAYA,1356,38,118.9,40.2,99,0,2
AGARTALA,TRIPURA,20,3,174.6,42.3,2,1,0
NONGPOH,MEGHALAYA,255,6,161.9,52.3,7,1,0
GANGTOK,SIKKIM,1619,47,362.4,96.6,127,0,2
LUNGLEI,MIZORAM,754,32,261.1,75.1,79,0,2
HAFLONG,ASSAM,257,13,118.0,30.6,21,1,0
AGARTALA,TRIPURA,30,4,257.4,73.9,21,0,1
ITANAGAR,ARUNACHAL PRADESH,194,18,193.3,59.0,26,1,1
HAFLONG,ASSAM,368,11,149.9,39.7,21,1,0
GUWAHATI,ASSAM,39,3,183.6,48.4,2,1,0
AIZAWL,MIZORAM,1158,37,162.1,43.5,84,0,2
NONEY,MANIPUR,423,15,56.7,11.3,28,1,0
NONEY,MANIPUR,426,14,101.9,36.3,24,1,0
KOHIMA,NAGALAND,975,13,61.7,12.2,20,1,0
SHILLONG,MEGHALAYA,1509,27,244.6,71.5,88,0,2
TAWANG,ARUNACHAL PRADESH,1982,22,105.0,26.0,28,1,1
JOWAI,MEGHALAYA,705,12,209.9,60.5,22,1,1
ITANAGAR,ARUNACHAL PRADESH,281,43,239.6,65.6,104,0,2
NONGPOH,MEGHALAYA,477,21,359.5,98.3,23,0,2
HAFLONG,ASSAM,491,28,271.4,72.3,87,0,2
NONEY,MANIPUR,671,36,282.7,80.4,89,0,2
TAWANG,ARUNACHAL PRADESH,1629,19,218.2,57.5,40,1,1
SILCHAR,ASSAM,21,10,170.0,40.5,44,0,1
NONEY,MANIPUR,670,31,80.9,21.7,75,0,2
ITANAGAR,ARUNACHAL PRADESH,162,15,194.7,47.2,26,1,0
NONEY,MANIPUR,446,16,208.1,56.6,26,1,1
NONEY,MANIPUR,634,32,100.3,32.5,72,0,2
LUNGLEI,MIZORAM,383,17,209.7,58.3,26,1,1
ITANAGAR,ARUNACHAL PRADESH,166,13,98.0,23.2,30,1,0
HAFLONG,ASSAM,545,35,419.9,100.0,62,0,2
AIZAWL,MIZORAM,1114,41,301.5,90.4,98,0,2
NONGPOH,MEGHALAYA,319,8,102.6,25.8,6,1,0
SHILLONG,MEGHALAYA,1527,30,248.5,71.6,87,0,2
GANGTOK,SIKKIM,1668,39,165.8,39.9,115,0,2
GANGTOK,SIKKIM,1679,45,98.4,27.6,118,0,2
ITANAGAR,ARUNACHAL PRADESH,220,14,207.0,56.5,32,1,1
ITANAGAR,ARUNACHAL PRADESH,283,44,351.8,100.0,114,0,2
LUNGLEI,MIZORAM,752,38,156.4,48.9,70,0,2
SHILLONG,MEGHALAYA,1123,13,207.9,54.4,17,1,1
AIZAWL,MIZORAM,802,20,139.2,36.8,22,1,0
TAWANG,ARUNACHAL PRADESH,2628,44,348.6,95.5,124,0,2
TAWANG,ARUNACHAL PRADESH,1875,17,145.6,48.4,28,1,1
ITANAGAR,ARUNACHAL PRADESH,337,42,197.3,55.6,110,0,2
GANGTOK,SIKKIM,1209,22,83.0,21.2,45,1,0
MANGAN,SIKKIM,1200,48,390.6,100.0,132,0,2
JOWAI,MEGHALAYA,1022,13,99.8,21.3,34,1,0
AGARTALA,TRIPURA,42,6,325.6,89.0,5,0,2
JOWAI,MEGHALAYA,1400,35,291.9,79.4,88,0,2
HAFLONG,ASSAM,365,15,97.0,30.4,19,1,0
ITANAGAR,ARUNACHAL PRADESH,359,35,294.6,88.6,102,0,2
NONEY,MANIPUR,655,31,295.5,88.0,94,0,2
AGARTALA,TRIPURA,13,4,190.3,45.8,5,0,0
DIMAPUR,NAGALAND,88,3,162.7,40.1,7,1,0
NONGPOH,MEGHALAYA,523,20,312.3,86.7,39,0,2
JOWAI,MEGHALAYA,1399,41,236.3,68.3,86,0,2
AGARTALA,TRIPURA,20,3,102.2,29.8,2,1,0
MANGAN,SIKKIM,737,18,193.6,47.5,47,1,1
GANGTOK,SIKKIM,1062,23,216.0,62.5,29,1,1
AIZAWL,MIZORAM,1164,44,333.2,85.3,106,0,2
ITANAGAR,ARUNACHAL PRADESH,222,15,79.4,17.1,37,1,0
AIZAWL,MIZORAM,1172,35,299.8,80.2,102,0,2
AGARTALA,TRIPURA,49,4,124.7,41.2,21,0,0
KOHIMA,NAGALAND,785,12,214.9,60.2,25,1,1
AIZAWL,MIZORAM,1124,41,180.3,56.0,107,0,2
SHILLONG,MEGHALAYA,1129,10,194.8,57.7,29,1,1
GANGTOK,SIKKIM,862,18,62.2,15.2,29,1,0
AIZAWL,MIZORAM,798,20,82.1,15.2,20,1,0
KOHIMA,NAGALAND,1412,40,389.2,100.0,86,0,2
MANGAN,SIKKIM,1177,41,183.5,50.9,111,0,2
SHILLONG,MEGHALAYA,1553,26,234.2,67.8,77,0,2
MANGAN,SIKKIM,1213,51,363.5,100.0,113,0,2
AIZAWL,MIZORAM,1139,37,231.2,60.0,96,0,2
DIMAPUR,NAGALAND,152,12,201.9,54.5,35,0,1
IMPHAL,MANIPUR,804,15,152.1,44.5,53,0,1
GUWAHATI,ASSAM,57,4,347.6,91.8,6,0,2
IMPHAL,MANIPUR,775,19,130.2,42.6,56,0,1
GUWAHATI,ASSAM,39,3,85.1,18.4,2,1,0
GUWAHATI,ASSAM,16,6,348.1,98.1,27,0,2
GUWAHATI,ASSAM,48,4,332.2,92.7,6,0,2
HAFLONG,ASSAM,313,12,121.4,29.3,22,1,0
SILCHAR,ASSAM,21,3,126.2,33.5,10,1,0
SHILLONG,MEGHALAYA,1034,12,98.0,21.6,28,1,0
JOWAI,MEGHALAYA,905,16,108.6,31.7,30,1,0
LUNGLEI,MIZORAM,452,15,60.6,19.3,27,1,0
IMPHAL,MANIPUR,481,7,121.6,32.4,11,1,0
SHILLONG,MEGHALAYA,925,13,67.5,25.5,20,1,0
HAFLONG,ASSAM,482,27,112.8,35.2,75,0,2
JOWAI,MEGHALAYA,1415,39,192.1,47.3,95,0,2
DIMAPUR,NAGALAND,103,3,148.1,38.8,9,1,0
TAWANG,ARUNACHAL PRADESH,2639,50,156.2,37.1,115,0,2
DIMAPUR,NAGALAND,140,13,354.5,100.0,22,0,2
GUWAHATI,ASSAM,27,3,205.9,54.8,4,1,0
NONGPOH,MEGHALAYA,517,24,103.7,32.7,32,0,1
GUWAHATI,ASSAM,82,4,222.7,59.3,14,0,1
DIMAPUR,NAGALAND,98,4,55.3,10.0,7,1,0
NONGPOH,MEGHALAYA,455,18,305.1,84.5,34,0,2
AGARTALA,TRIPURA,20,3,117.4,29.1,2,1,0
ITANAGAR,ARUNACHAL PRADESH,163,16,41.4,10.0,33,1,0
IMPHAL,MANIPUR,778,18,120.8,33.5,42,0,1
MANGAN,SIKKIM,1176,47,319.2,88.7,127,0,2
DIMAPUR,NAGALAND,155,4,86.4,30.7,28,0,0
KOHIMA,NAGALAND,928,16,60.7,10.0,23,1,0
KOHIMA,NAGALAND,1483,37,392.7,100.0,94,0,2
SHILLONG,MEGHALAYA,1540,33,258.1,70.0,77,0,2
LUNGLEI,MIZORAM,400,18,154.0,43.3,16,1,0
IMPHAL,MANIPUR,461,9,66.6,12.1,13,1,0
AIZAWL,MIZORAM,1114,43,338.5,96.5,86,0,2
NONGPOH,MEGHALAYA,298,8,162.6,51.3,9,1,0
KOHIMA,NAGALAND,776,12,94.5,22.6,23,1,0
SILCHAR,ASSAM,21,3,50.2,19.3,13,1,0
HAFLONG,ASSAM,550,35,210.7,59.8,78,0,2
SILCHAR,ASSAM,25,3,148.9,41.4,11,1,0
SILCHAR,ASSAM,20,3,168.6,46.9,12,1,0
NONGPOH,MEGHALAYA,476,21,258.2,73.5,34,0,2
DIMAPUR,NAGALAND,105,3,162.2,37.9,8,1,0
KOHIMA,NAGALAND,1446,31,310.6,82.8,89,0,2
JOWAI,MEGHALAYA,718,16,95.8,29.1,33,1,0
GANGTOK,SIKKIM,1686,39,270.0,77.3,114,0,2
KOHIMA,NAGALAND,1471,31,308.0,85.7,92,0,2
GUWAHATI,ASSAM,31,3,177.9,44.5,3,1,0
JOWAI,MEGHALAYA,1349,35,114.4,36.1,103,0,2
TAWANG,ARUNACHAL PRADESH,2663,49,283.1,73.1,104,0,2
NONGPOH,MEGHALAYA,501,14,203.9,60.2,33,0,1
AGARTALA,TRIPURA,20,3,83.1,30.5,2,1,0
ITANAGAR,ARUNACHAL PRADESH,327,44,414.7,100.0,113,0,2
LUNGLEI,MIZORAM,451,15,75.9,22.8,18,1,0
AIZAWL,MIZORAM,1153,39,397.7,100.0,99,0,2
TAWANG,ARUNACHAL PRADESH,2656,41,134.5,36.6,124,0,2
TAWANG,ARUNACHAL PRADESH,2675,41,357.7,100.0,107,0,2
GUWAHATI,ASSAM,28,3,219.0,58.8,2,1,0
GUWAHATI,ASSAM,40,3,182.4,44.9,3,1,0
LUNGLEI,MIZORAM,486,13,120.7,25.6,26,1,0
HAFLONG,ASSAM,504,29,266.6,77.7,66,0,2
TAWANG,ARUNACHAL PRADESH,1403,17,48.6,12.2,28,1,0
AGARTALA,TRIPURA,-11,6,262.3,75.0,17,0,1
NONEY,MANIPUR,637,36,289.0,76.1,70,0,2
MANGAN,SIKKIM,1170,49,103.0,29.0,121,0,2
TAWANG,ARUNACHAL PRADESH,2669,47,296.1,89.9,101,0,2
AIZAWL,MIZORAM,1137,35,162.0,47.5,93,0,2
SHILLONG,MEGHALAYA,813,11,155.7,48.5,20,1,0
AGARTALA,TRIPURA,20,3,179.7,49.2,2,1,0
LUNGLEI,MIZORAM,687,35,187.3,49.0,69,0,2
GANGTOK,SIKKIM,929,21,104.3,33.5,27,1,0
KOHIMA,NAGALAND,766,14,173.8,54.6,30,1,1
GANGTOK,SIKKIM,1226,18,206.4,57.6,34,1,1
HAFLONG,ASSAM,266,14,138.2,35.5,26,1,0
HAFLONG,ASSAM,340,12,116.7,35.5,23,1,0
DIMAPUR,NAGALAND,74,4,219.7,57.4,6,1,0
SILCHAR,ASSAM,46,5,352.4,100.0,54,0,2
GUWAHATI,ASSAM,92,11,229.0,57.6,27,0,1
NONEY,MANIPUR,377,18,67.6,18.0,16,1,0
DIMAPUR,NAGALAND,88,3,106.1,26.5,5,1,0
AIZAWL,MIZORAM,1106,34,143.3,40.1,105,0,2
SHILLONG,MEGHALAYA,1057,13,150.1,44.8,18,1,0
ITANAGAR,ARUNACHAL PRADESH,295,36,233.7,71.3,97,0,2
AGARTALA,TRIPURA,15,9,321.2,90.0,9,0,2
LUNGLEI,MIZORAM,514,17,154.8,47.7,30,1,0
TAWANG,ARUNACHAL PRADESH,2635,43,127.2,40.0,125,0,2
GUWAHATI,ASSAM,35,3,139.3,40.5,4,1,0
HAFLONG,ASSAM,511,32,324.4,90.5,84,0,2
MANGAN,SIKKIM,1176,46,105.2,28.7,130,0,2
TAWANG,ARUNACHAL PRADESH,1415,22,145.8,44.8,34,1,1
JOWAI,MEGHALAYA,863,18,133.3,33.9,32,1,0
NONGPOH,MEGHALAYA,355,7,133.4,33.6,11,1,0
HAFLONG,ASSAM,281,16,152.5,44.2,18,1,0
HAFLONG,ASSAM,547,35,138.2,40.4,66,0,2
KOHIMA,NAGALAND,1407,31,402.5,100.0,73,0,2
AIZAWL,MIZORAM,1165,40,297.3,82.6,101,0,2
LUNGLEI,MIZORAM,448,18,93.5,19.1,26,1,0
SILCHAR,ASSAM,51,6,237.9,63.5,53,0,1
JOWAI,MEGHALAYA,987,14,102.2,26.8,34,1,0
DIMAPUR,NAGALAND,145,7,121.7,33.0,29,0,0
JOWAI,MEGHALAYA,1346,35,373.8,100.0,90,0,2
NONGPOH,MEGHALAYA,355,8,68.7,27.0,7,1,0
AGARTALA,TRIPURA,20,3,110.8,30.1,2,1,0
NONEY,MANIPUR,674,35,97.2,26.9,71,0,2
ITANAGAR,ARUNACHAL PRADESH,202,19,198.8,58.9,30,1,1
GANGTOK,SIKKIM,843,15,105.3,25.9,35,1,0
GANGTOK,SIKKIM,1140,17,162.5,39.0,45,1,1
SHILLONG,MEGHALAYA,904,15,105.8,23.7,23,1,0
TAWANG,ARUNACHAL PRADESH,1662,15,99.9,27.3,25,1,0
AGARTALA,TRIPURA,52,7,191.5,55.0,5,0,1
NONGPOH,MEGHALAYA,362,8,100.5,33.2,7,1,0
ITANAGAR,ARUNACHAL PRADESH,197,13,59.7,15.2,27,1,0
LUNGLEI,MIZORAM,758,39,408.8,100.0,76,0,2
NONEY,MANIPUR,674,37,258.2,75.3,75,0,2
GANGTOK,SIKKIM,1641,38,402.4,100.0,123,0,2
GUWAHATI,ASSAM,31,3,113.9,36.0,4,1,0
ITANAGAR,ARUNACHAL PRADESH,297,42,270.7,83.2,101,0,2
ITANAGAR,ARUNACHAL PRADESH,185,14,101.6,25.9,40,1,0
AIZAWL,MIZORAM,620,15,80.5,29.9,28,1,0
LUNGLEI,MIZORAM,488,17,126.4,36.1,23,1,0
AIZAWL,MIZORAM,600,18,216.4,65.2,25,1,1
JOWAI,MEGHALAYA,704,18,206.3,59.8,18,1,1
ITANAGAR,ARUNACHAL PRADESH,305,42,397.2,100.0,103,0,2
JOWAI,MEGHALAYA,1418,40,162.4,47.8,85,0,2
TAWANG,ARUNACHAL PRADESH,2649,40,220.5,64.7,103,0,2
SHILLONG,MEGHALAYA,1485,32,218.3,67.6,70,0,2
ITANAGAR,ARUNACHAL PRADESH,212,19,91.4,18.3,27,1,0
HAFLONG,ASSAM,540,26,222.1,67.1,67,0,2
SILCHAR,ASSAM,24,3,197.0,51.4,16,1,0
SILCHAR,ASSAM,33,9,116.5,40.1,57,0,1
LUNGLEI,MIZORAM,539,16,208.9,63.6,23,1,1
AGARTALA,TRIPURA,20,3,122.6,30.2,2,1,0
NONGPOH,MEGHALAYA,488,18,309.3,81.0,38,0,2
GANGTOK,SIKKIM,1037,15,73.3,14.6,38,1,0
KOHIMA,NAGALAND,1404,34,160.1,48.5,84,0,2
KOHIMA,NAGALAND,932,15,104.7,24.9,20,1,0
SHILLONG,MEGHALAYA,879,12,201.1,59.1,22,1,1
LUNGLEI,MIZORAM,719,37,155.1,50.4,87,0,2
ITANAGAR,ARUNACHAL PRADESH,338,43,221.4,62.3,106,0,2
ITANAGAR,ARUNACHAL PRADESH,311,44,282.6,83.1,119,0,2
TAWANG,ARUNACHAL PRADESH,1681,18,60.2,22.0,42,1,0
TAWANG,ARUNACHAL PRADESH,2693,48,135.9,43.4,104,0,2
AGARTALA,TRIPURA,1,8,110.9,31.0,13,0,0
SILCHAR,ASSAM,20,3,140.6,41.8,15,1,0
LUNGLEI,MIZORAM,732,36,333.6,93.9,68,0,2
SILCHAR,ASSAM,20,3,208.2,50.9,19,1,0
ITANAGAR,ARUNACHAL PRADESH,316,40,341.5,99.1,100,0,2
MANGAN,SIKKIM,897,19,203.2,54.5,44,1,1
JOWAI,MEGHALAYA,730,19,62.9,25.1,24,1,0
GUWAHATI,ASSAM,53,8,324.5,88.9,23,0,2
GANGTOK,SIKKIM,1641,45,132.7,31.9,116,0,2
SHILLONG,MEGHALAYA,1538,33,398.3,100.0,89,0,2
NONEY,MANIPUR,608,31,91.4,27.0,89,0,2
SILCHAR,ASSAM,0,6,159.7,39.8,52,0,1
SILCHAR,ASSAM,59,4,357.4,100.0,45,0,2
KOHIMA,NAGALAND,807,17,133.8,35.8,32,1,0
AIZAWL,MIZORAM,1163,43,389.9,100.0,105,0,2
MANGAN,SIKKIM,614,18,108.6,30.6,39,1,0
MANGAN,SIKKIM,644,19,125.2,40.4,42,1,0
LUNGLEI,MIZORAM,741,32,220.3,59.9,85,0,2
TAWANG,ARUNACHAL PRADESH,2669,43,149.1,43.8,108,0,2
AGARTALA,TRIPURA,20,3,88.3,27.3,2,1,0
SILCHAR,ASSAM,19,9,308.3,81.1,61,0,2
IMPHAL,MANIPUR,452,9,74.2,24.5,10,1,0
ITANAGAR,ARUNACHAL PRADESH,357,37,391.1,100.0,107,0,2
LUNGLEI,MIZORAM,445,17,104.7,35.2,20,1,0
AGARTALA,TRIPURA,35,4,206.0,55.8,5,0,1
NONEY,MANIPUR,602,34,397.8,100.0,87,0,2
MANGAN,SIKKIM,645,18,190.0,52.8,33,1,1
KOHIMA,NAGALAND,997,15,173.1,47.5,28,1,1
DIMAPUR,NAGALAND,122,12,142.6,45.8,30,0,1
SILCHAR,ASSAM,4,10,339.9,93.0,39,0,2
NONEY,MANIPUR,619,30,251.9,67.9,76,0,2
ITANAGAR,ARUNACHAL PRADESH,161,17,43.0,15.5,29,1,0
LUNGLEI,MIZORAM,746,42,354.1,100.0,81,0,2
SHILLONG,MEGHALAYA,1552,26,145.3,40.8,72,0,2
DIMAPUR,NAGALAND,101,3,122.6,29.9,9,1,0
NONEY,MANIPUR,429,17,194.5,58.2,26,1,1
HAFLONG,ASSAM,304,13,41.7,10.0,15,1,0
ITANAGAR,ARUNACHAL PRADESH,211,15,215.3,66.1,41,1,1
SILCHAR,ASSAM,22,9,172.2,54.6,53,0,1
AIZAWL,MIZORAM,1114,39,406.9,100.0,82,0,2
GANGTOK,SIKKIM,1648,40,161.8,50.3,123,0,2
GANGTOK,SIKKIM,983,20,164.1,38.8,41,1,1
DIMAPUR,NAGALAND,117,10,365.1,98.9,22,0,2
GANGTOK,SIKKIM,837,16,128.3,33.3,45,1,0
GANGTOK,SIKKIM,901,19,179.0,46.4,31,1,1
NONEY,MANIPUR,610,34,209.2,62.7,74,0,2
JOWAI,MEGHALAYA,799,12,95.5,24.3,17,1,0
AIZAWL,MIZORAM,1108,35,226.5,63.8,87,0,2
TAWANG,ARUNACHAL PRADESH,1398,16,147.4,45.5,34,1,1
GANGTOK,SIKKIM,1647,44,344.9,99.4,117,0,2
NONEY,MANIPUR,648,32,171.4,43.9,74,0,2
JOWAI,MEGHALAYA,1361,37,223.2,61.7,86,0,2
HAFLONG,ASSAM,288,11,146.9,35.9,23,1,0
SHILLONG,MEGHALAYA,1523,24,193.0,55.5,77,0,2
KOHIMA,NAGALAND,842,17,215.4,54.0,30,1,1
KOHIMA,NAGALAND,1465,35,408.0,100.0,77,0,2
LUNGLEI,MIZORAM,535,18,90.5,29.7,20,1,0
DIMAPUR,NAGALAND,177,7,419.1,100.0,33,0,2
GUWAHATI,ASSAM,40,3,189.6,45.8,4,1,0
MANGAN,SIKKIM,641,18,67.7,17.6,30,1,0
GANGTOK,SIKKIM,1667,47,278.0,77.8,120,0,2
MANGAN,SIKKIM,1206,49,297.0,75.9,129,0,2
NONEY,MANIPUR,346,16,156.1,45.7,25,1,0
KOHIMA,NAGALAND,760,12,174.4,49.4,20,1,0
NONEY,MANIPUR,379,15,164.3,40.1,26,1,0
GUWAHATI,ASSAM,28,3,60.9,24.0,4,1,0
JOWAI,MEGHALAYA,797,15,126.9,34.9,21,1,0
AGARTALA,TRIPURA,20,3,60.7,22.4,2,1,0
SHILLONG,MEGHALAYA,1516,32,267.6,71.6,70,0,2
MANGAN,SIKKIM,669,19,155.3,42.1,28,1,1
GUWAHATI,ASSAM,72,10,212.2,62.2,15,0,1
IMPHAL,MANIPUR,540,9,58.3,22.1,8,1,0
NONGPOH,MEGHALAYA,282,7,195.3,54.7,7,1,0
KOHIMA,NAGALAND,942,15,192.2,55.3,22,1,1
LUNGLEI,MIZORAM,699,37,161.1,38.6,71,0,2
DIMAPUR,NAGALAND,170,10,282.8,79.8,28,0,2
MANGAN,SIKKIM,1222,51,315.8,90.0,127,0,2
NONGPOH,MEGHALAYA,507,18,143.6,45.4,24,0,1
SILCHAR,ASSAM,25,3,109.1,31.3,11,1,0
ITANAGAR,ARUNACHAL PRADESH,214,16,128.0,28.9,38,1,0
GUWAHATI,ASSAM,52,4,156.4,40.1,10,0,0
AGARTALA,TRIPURA,20,3,179.5,55.0,2,1,0
DIMAPUR,NAGALAND,161,12,416.5,100.0,21,0,2
NONEY,MANIPUR,459,12,195.2,47.6,20,1,0
SHILLONG,MEGHALAYA,1511,33,199.2,58.7,87,0,2
MANGAN,SIKKIM,1238,43,150.3,37.1,135,0,2
SILCHAR,ASSAM,22,3,216.2,56.7,11,1,0
AIZAWL,MIZORAM,1109,40,417.4,100.0,83,0,2
JOWAI,MEGHALAYA,1371,33,189.5,48.6,100,0,2
GANGTOK,SIKKIM,883,20,107.5,23.1,37,1,0
HAFLONG,ASSAM,321,12,106.4,36.8,27,1,0
KOHIMA,NAGALAND,1415,37,305.8,82.7,92,0,2
HAFLONG,ASSAM,283,13,88.3,29.8,17,1,0
KOHIMA,NAGALAND,1476,37,196.9,57.6,97,0,2
SILCHAR,ASSAM,7,10,364.5,93.5,63,0,2
NONGPOH,MEGHALAYA,297,9,219.2,67.4,8,1,0
LUNGLEI,MIZORAM,717,33,202.5,49.6,88,0,2
NONGPOH,MEGHALAYA,495,24,326.8,94.9,29,0,2
MANGAN,SIKKIM,1172,41,242.1,61.4,116,0,2
NONEY,MANIPUR,321,16,217.9,59.3,29,1,1
JOWAI,MEGHALAYA,714,14,58.4,13.2,30,1,0
LUNGLEI,MIZORAM,730,34,417.6,100.0,88,0,2
TAWANG,ARUNACHAL PRADESH,2698,50,229.6,67.3,105,0,2
JOWAI,MEGHALAYA,902,15,201.4,50.2,21,1,1
SHILLONG,MEGHALAYA,896,12,84.6,25.8,26,1,0
NONEY,MANIPUR,444,16,158.5,40.9,29,1,0
TAWANG,ARUNACHAL PRADESH,2670,44,98.6,33.8,120,0,2
NONEY,MANIPUR,381,13,52.8,20.9,26,1,0
GUWAHATI,ASSAM,40,3,142.3,37.4,4,1,0
NONGPOH,MEGHALAYA,358,9,52.2,10.7,6,1,0
SILCHAR,ASSAM,45,8,293.7,81.6,47,0,2
MANGAN,SIKKIM,810,16,150.9,38.4,36,1,0
LUNGLEI,MIZORAM,747,35,132.8,34.1,93,0,2
HAFLONG,ASSAM,345,14,50.4,10.0,26,1,0
MANGAN,SIKKIM,1218,50,98.7,30.1,129,0,2
NONGPOH,MEGHALAYA,446,16,83.9,23.2,42,0,1
DIMAPUR,NAGALAND,78,3,88.4,30.7,8,1,0
GUWAHATI,ASSAM,38,3,168.2,47.9,2,1,0
HAFLONG,ASSAM,314,12,142.0,37.3,21,1,0
AIZAWL,MIZORAM,1165,44,119.2,37.0,105,0,2
GUWAHATI,ASSAM,16,4,240.4,64.9,5,0,1
JOWAI,MEGHALAYA,1344,39,390.7,100.0,103,0,2
MANGAN,SIKKIM,1201,44,391.4,100.0,123,0,2
HAFLONG,ASSAM,271,14,80.2,22.5,15,1,0
SILCHAR,ASSAM,20,3,192.1,50.6,12,1,0
AGARTALA,TRIPURA,22,4,271.7,72.3,7,0,1
NONEY,MANIPUR,378,18,179.7,53.6,31,1,1
NONEY,MANIPUR,600,36,159.2,41.8,70,0,2
GUWAHATI,ASSAM,27,3,170.9,41.1,4,1,0
TAWANG,ARUNACHAL PRADESH,2673,47,410.7,100.0,101,0,2
AIZAWL,MIZORAM,1097,37,220.4,67.6,98,0,2
AGARTALA,TRIPURA,49,4,125.4,40.0,14,0,0
HAFLONG,ASSAM,527,36,160.5,40.8,66,0,2
KOHIMA,NAGALAND,974,16,89.0,17.9,21,1,0
IMPHAL,MANIPUR,820,15,115.9,31.4,36,0,1
KOHIMA,NAGALAND,765,14,121.3,33.1,29,1,0
SHILLONG,MEGHALAYA,1505,34,361.0,100.0,74,0,2
SILCHAR,ASSAM,36,4,321.8,96.9,40,0,2
GANGTOK,SIKKIM,1648,42,90.6,23.6,110,0,2
AGARTALA,TRIPURA,-13,6,353.3,92.4,5,0,2
GUWAHATI,ASSAM,43,4,360.0,98.0,8,0,2
HAFLONG,ASSAM,373,10,75.6,23.3,28,1,0
JOWAI,MEGHALAYA,1382,32,400.4,100.0,79,0,2
MANGAN,SIKKIM,748,19,103.7,35.3,34,1,0
AIZAWL,MIZORAM,692,14,151.1,44.3,29,1,0
ITANAGAR,ARUNACHAL PRADESH,230,16,108.9,29.0,22,1,0
TAWANG,ARUNACHAL PRADESH,2700,48,86.6,22.2,125,0,2
DIMAPUR,NAGALAND,92,3,130.4,34.4,9,1,0
NONGPOH,MEGHALAYA,485,23,90.0,30.0,27,0,1
AIZAWL,MIZORAM,1152,42,340.7,100.0,93,0,2
NONGPOH,MEGHALAYA,476,24,170.6,52.4,27,0,2
SILCHAR,ASSAM,68,6,398.0,100.0,49,0,2
NONGPOH,MEGHALAYA,475,23,354.1,100.0,30,0,2
GUWAHATI,ASSAM,40,3,73.9,28.3,3,1,0
ITANAGAR,ARUNACHAL PRADESH,174,13,148.3,33.5,22,1,0
ITANAGAR,ARUNACHAL PRADESH,322,43,354.2,95.8,101,0,2
NONGPOH,MEGHALAYA,249,6,65.5,12.0,10,1,0
TAWANG,ARUNACHAL PRADESH,1968,18,111.2,24.5,42,1,1
LUNGLEI,MIZORAM,385,13,182.5,58.1,30,1,0
KOHIMA,NAGALAND,1475,39,201.3,58.6,97,0,2
NONGPOH,MEGHALAYA,279,8,171.2,54.7,6,1,0
GANGTOK,SIKKIM,1633,47,393.2,100.0,115,0,2
NONEY,MANIPUR,663,32,333.4,88.4,80,0,2
KOHIMA,NAGALAND,1415,40,328.0,88.5,92,0,2
GUWAHATI,ASSAM,30,3,181.7,54.0,3,1,0
SILCHAR,ASSAM,21,3,114.5,37.9,11,1,0
DIMAPUR,NAGALAND,76,3,157.2,46.7,9,1,0
NONGPOH,MEGHALAYA,251,9,97.4,34.3,7,1,0
HAFLONG,ASSAM,277,12,138.5,44.8,24,1,0
HAFLONG,ASSAM,332,14,45.6,19.7,21,1,0
NONGPOH,MEGHALAYA,261,6,74.2,23.8,7,1,0
AIZAWL,MIZORAM,650,14,138.9,38.4,25,1,0
SILCHAR,ASSAM,20,3,152.5,42.0,17,1,0
SHILLONG,MEGHALAYA,1511,26,179.2,43.1,85,0,2
SHILLONG,MEGHALAYA,1061,12,87.7,26.6,28,1,0
GANGTOK,SIKKIM,1657,44,143.4,32.5,116,0,2
AGARTALA,TRIPURA,20,3,67.2,21.8,2,1,0
SHILLONG,MEGHALAYA,1529,32,410.0,100.0,78,0,2
SILCHAR,ASSAM,24,3,196.0,54.0,14,1,0
NONEY,MANIPUR,367,14,46.3,14.0,29,1,0
TAWANG,ARUNACHAL PRADESH,2635,47,402.7,100.0,105,0,2
IMPHAL,MANIPUR,762,14,106.6,32.5,45,0,1
IMPHAL,MANIPUR,822,18,389.7,100.0,42,0,2
HAFLONG,ASSAM,521,34,267.7,80.1,74,0,2
TAWANG,ARUNACHAL PRADESH,1939,15,145.8,45.0,37,1,1
SHILLONG,MEGHALAYA,819,12,213.7,53.0,23,1,1
SHILLONG,MEGHALAYA,1521,32,378.5,100.0,76,0,2
ITANAGAR,ARUNACHAL PRADESH,162,15,149.6,44.7,24,1,0
SILCHAR,ASSAM,25,3,174.2,55.1,11,1,0
DIMAPUR,NAGALAND,148,8,175.3,48.6,24,0,1
SHILLONG,MEGHALAYA,1502,28,230.7,69.3,88,0,2
AIZAWL,MIZORAM,737,13,204.4,55.3,26,1,1
ITANAGAR,ARUNACHAL PRADESH,225,17,96.0,26.8,24,1,0
JOWAI,MEGHALAYA,1362,34,364.6,97.3,84,0,2
AGARTALA,TRIPURA,21,4,205.2,56.4,6,0,1
GANGTOK,SIKKIM,1613,41,246.2,67.5,116,0,2
ITANAGAR,ARUNACHAL PRADESH,187,19,189.6,46.1,26,1,1
GUWAHATI,ASSAM,28,3,78.6,17.4,4,1,0
NONEY,MANIPUR,634,40,254.5,76.5,83,0,2
GUWAHATI,ASSAM,40,3,41.5,10.0,3,1,0
LUNGLEI,MIZORAM,437,15,85.4,23.2,21,1,0
TAWANG,ARUNACHAL PRADESH,1718,15,214.0,64.9,43,1,1
LUNGLEI,MIZORAM,484,16,89.8,22.1,20,1,0
AIZAWL,MIZORAM,751,20,73.9,20.8,30,1,0
NONEY,MANIPUR,676,36,188.7,46.7,91,0,2
GUWAHATI,ASSAM,41,3,109.9,23.1,3,1,0
IMPHAL,MANIPUR,535,7,181.3,56.9,12,1,0
DIMAPUR,NAGALAND,103,4,72.6,13.7,9,1,0
JOWAI,MEGHALAYA,940,16,210.4,64.8,33,1,1
HAFLONG,ASSAM,517,29,376.3,100.0,85,0,2
KOHIMA,NAGALAND,816,13,124.7,40.5,30,1,0
HAFLONG,ASSAM,369,13,108.7,27.0,26,1,0
SILCHAR,ASSAM,12,4,219.1,62.0,48,0,1
AGARTALA,TRIPURA,15,4,107.5,27.2,22,0,0
NONGPOH,MEGHALAYA,319,6,177.0,43.9,7,1,0
NONGPOH,MEGHALAYA,337,9,118.1,31.7,6,1,0
MANGAN,SIKKIM,714,16,107.2,22.0,28,1,0
KOHIMA,NAGALAND,1406,40,293.1,77.4,72,0,2
DIMAPUR,NAGALAND,77,3,70.1,24.7,7,1,0
LUNGLEI,MIZORAM,443,16,118.1,35.8,23,1,0
JOWAI,MEGHALAYA,1033,15,69.7,25.9,30,1,0
GANGTOK,SIKKIM,1639,41,414.9,100.0,128,0,2
GUWAHATI,ASSAM,30,6,301.2,76.3,24,0,2
AIZAWL,MIZORAM,1168,34,116.8,37.8,103,0,2
SILCHAR,ASSAM,48,7,122.0,29.9,50,0,1
JOWAI,MEGHALAYA,1420,31,223.1,55.6,87,0,2
TAWANG,ARUNACHAL PRADESH,1744,21,201.8,56.2,31,1,1
SHILLONG,MEGHALAYA,805,10,76.0,17.3,17,1,0
TAWANG,ARUNACHAL PRADESH,2665,46,134.5,38.1,109,0,2
IMPHAL,MANIPUR,457,6,203.2,61.8,14,1,0
ITANAGAR,ARUNACHAL PRADESH,291,42,326.0,84.2,97,0,2
AIZAWL,MIZORAM,1150,38,237.9,59.7,90,0,2
NONGPOH,MEGHALAYA,482,19,310.1,85.0,45,0,2
SHILLONG,MEGHALAYA,1490,24,305.5,79.6,69,0,2
DIMAPUR,NAGALAND,107,3,107.1,27.2,8,1,0
SHILLONG,MEGHALAYA,915,12,164.2,45.3,27,1,0
MANGAN,SIKKIM,1174,43,327.0,98.5,132,0,2
NONGPOH,MEGHALAYA,498,23,352.8,100.0,35,0,2
NONGPOH,MEGHALAYA,336,8,198.4,58.7,11,1,0
JOWAI,MEGHALAYA,1007,13,48.3,10.0,24,1,0
KOHIMA,NAGALAND,1471,39,272.1,83.2,95,0,2
KOHIMA,NAGALAND,1459,40,164.5,43.2,95,0,2
GANGTOK,SIKKIM,1681,47,84.0,30.3,106,0,2
TAWANG,ARUNACHAL PRADESH,1896,23,128.5,31.5,23,1,1
AIZAWL,MIZORAM,1156,37,298.7,81.4,99,0,2
NONEY,MANIPUR,658,37,274.8,69.7,95,0,2
ITANAGAR,ARUNACHAL PRADESH,185,20,43.2,10.5,36,1,0
SILCHAR,ASSAM,6,9,296.8,88.7,57,0,2
IMPHAL,MANIPUR,579,7,80.1,21.5,8,1,0
ITANAGAR,ARUNACHAL PRADESH,217,14,79.9,19.7,36,1,0
LUNGLEI,MIZORAM,487,12,65.3,21.6,18,1,0
MANGAN,SIKKIM,1192,50,143.8,46.8,116,0,2
GANGTOK,SIKKIM,1668,41,194.9,58.3,127,0,2
SILCHAR,ASSAM,52,7,280.4,78.0,59,0,2
ITANAGAR,ARUNACHAL PRADESH,347,34,398.0,100.0,112,0,2
ITANAGAR,ARUNACHAL PRADESH,354,36,357.2,92.9,118,0,2
KOHIMA,NAGALAND,873,16,84.7,21.9,27,1,0
KOHIMA,NAGALAND,885,12,166.0,50.1,23,1,0
LUNGLEI,MIZORAM,489,19,76.2,23.2,25,1,0
LUNGLEI,MIZORAM,527,13,215.5,54.7,26,1,1
KOHIMA,NAGALAND,1449,38,278.2,84.4,87,0,2
MANGAN,SIKKIM,863,19,59.2,14.5,24,1,0
SILCHAR,ASSAM,20,4,347.1,100.0,62,0,2
AIZAWL,MIZORAM,1099,38,336.2,85.9,88,0,2
AGARTALA,TRIPURA,53,9,271.0,70.9,21,0,1
GANGTOK,SIKKIM,1675,42,305.9,91.8,127,0,2
GANGTOK,SIKKIM,1219,22,139.4,30.9,30,1,1
AIZAWL,MIZORAM,1171,41,389.9,100.0,89,0,2
DIMAPUR,NAGALAND,129,8,140.3,41.9,29,0,1
NONGPOH,MEGHALAYA,510,15,93.8,22.5,32,0,1
AIZAWL,MIZORAM,1112,43,81.9,22.2,90,0,2
JOWAI,MEGHALAYA,1359,36,97.3,33.9,97,0,2
LUNGLEI,MIZORAM,503,16,167.4,46.9,16,1,0
NONGPOH,MEGHALAYA,509,16,264.6,72.0,33,0,2
DIMAPUR,NAGALAND,132,14,192.6,50.2,25,0,1
TAWANG,ARUNACHAL PRADESH,1992,22,41.6,14.3,43,1,0
AGARTALA,TRIPURA,53,8,406.0,100.0,5,0,2
KOHIMA,NAGALAND,1052,18,137.2,34.6,22,1,0
TAWANG,ARUNACHAL PRADESH,1672,19,93.4,28.4,32,1,0
KOHIMA,NAGALAND,1416,32,262.9,65.1,96,0,2
HAFLONG,ASSAM,552,29,224.2,55.9,83,0,2
MANGAN,SIKKIM,1179,41,323.7,82.5,124,0,2
HAFLONG,ASSAM,494,30,104.0,34.0,79,0,2
AIZAWL,MIZORAM,675,18,43.0,14.7,26,1,0
GUWAHATI,ASSAM,89,4,368.4,100.0,24,0,2
TAWANG,ARUNACHAL PRADESH,2657,50,286.2,76.0,109,0,2
AGARTALA,TRIPURA,20,3,136.0,32.0,2,1,0
GANGTOK,SIKKIM,1221,15,204.6,61.6,38,1,1
DIMAPUR,NAGALAND,175,12,121.9,25.9,19,0,0
GANGTOK,SIKKIM,1649,41,332.1,95.9,128,0,2
IMPHAL,MANIPUR,570,9,73.1,22.2,9,1,0
AIZAWL,MIZORAM,1106,36,351.9,100.0,103,0,2
AGARTALA,TRIPURA,12,9,165.2,41.0,5,0,0
ITANAGAR,ARUNACHAL PRADESH,188,18,91.3,18.5,25,1,0
IMPHAL,MANIPUR,488,7,164.8,40.2,13,1,0
DIMAPUR,NAGALAND,107,3,181.4,53.8,6,1,0
MANGAN,SIKKIM,852,16,198.0,54.4,41,1,1
DIMAPUR,NAGALAND,90,3,54.8,11.7,8,1,0
JOWAI,MEGHALAYA,1373,41,327.3,97.2,80,0,2
TAWANG,ARUNACHAL PRADESH,2694,49,341.5,90.3,112,0,2
SILCHAR,ASSAM,22,3,179.5,47.7,14,1,0
NONEY,MANIPUR,341,15,105.5,21.5,17,1,0
NONEY,MANIPUR,665,32,134.1,38.3,84,0,2
JOWAI,MEGHALAYA,1014,12,81.7,18.9,31,1,0
NONEY,MANIPUR,626,38,202.8,55.8,95,0,2
AGARTALA,TRIPURA,-20,9,115.1,39.5,8,0,0
AIZAWL,MIZORAM,729,17,108.1,31.4,25,1,0
HAFLONG,ASSAM,304,15,103.5,34.6,21,1,0
ITANAGAR,ARUNACHAL PRADESH,230,13,119.2,28.8,39,1,0
TAWANG,ARUNACHAL PRADESH,1470,17,169.1,40.9,29,1,1
NONEY,MANIPUR,449,16,126.2,30.4,23,1,0
NONGPOH,MEGHALAYA,245,6,69.0,21.2,9,1,0
SILCHAR,ASSAM,2,4,393.6,100.0,46,0,2
GANGTOK,SIKKIM,1646,39,232.7,72.5,111,0,2
ITANAGAR,ARUNACHAL PRADESH,308,40,128.5,37.0,114,0,2
NONGPOH,MEGHALAYA,262,8,147.4,34.0,11,1,0
GANGTOK,SIKKIM,879,14,203.7,59.5,35,1,1
JOWAI,MEGHALAYA,1362,38,283.9,84.9,97,0,2
TAWANG,ARUNACHAL PRADESH,2631,47,124.3,36.2,121,0,2
GUWAHATI,ASSAM,34,3,135.4,33.3,2,1,0
ITANAGAR,ARUNACHAL PRADESH,188,19,190.7,54.2,40,1,1
MANGAN,SIKKIM,1192,48,159.1,49.9,134,0,2
LUNGLEI,MIZORAM,407,12,41.3,11.8,27,1,0
TAWANG,ARUNACHAL PRADESH,2668,50,313.8,84.2,106,0,2
DIMAPUR,NAGALAND,124,10,279.0,73.7,35,0,2
MANGAN,SIKKIM,783,24,76.7,22.1,33,1,0
ITANAGAR,ARUNACHAL PRADESH,327,42,244.5,75.7,112,0,2
DIMAPUR,NAGALAND,99,4,174.6,47.6,8,1,0
NONGPOH,MEGHALAYA,472,22,347.3,100.0,32,0,2
SILCHAR,ASSAM,44,10,353.5,100.0,38,0,2
ITANAGAR,ARUNACHAL PRADESH,167,15,149.6,45.1,28,1,0
GANGTOK,SIKKIM,1118,19,187.6,54.4,44,1,1
AGARTALA,TRIPURA,0,9,256.2,66.3,23,0,1
TAWANG,ARUNACHAL PRADESH,2698,42,92.3,21.5,121,0,2
GUWAHATI,ASSAM,26,5,215.8,62.7,26,0,1
GANGTOK,SIKKIM,1676,38,319.2,95.4,128,0,2
LUNGLEI,MIZORAM,423,18,213.4,58.6,19,1,1
GANGTOK,SIKKIM,1643,40,252.1,71.0,118,0,2
TAWANG,ARUNACHAL PRADESH,1556,16,86.4,24.6,33,1,0
AIZAWL,MIZORAM,839,17,176.3,56.4,32,1,1
AGARTALA,TRIPURA,20,3,86.4,22.1,2,1,0
NONEY,MANIPUR,640,36,255.6,63.2,81,0,2
AIZAWL,MIZORAM,1128,35,309.1,91.0,94,0,2
HAFLONG,ASSAM,532,31,154.3,44.0,73,0,2
NONGPOH,MEGHALAYA,508,17,330.0,97.6,27,0,2
IMPHAL,MANIPUR,771,17,201.0,60.3,51,0,2
SHILLONG,MEGHALAYA,1548,33,339.8,95.1,65,0,2
SILCHAR,ASSAM,20,3,198.6,56.4,18,1,0
AIZAWL,MIZORAM,617,19,111.6,35.0,27,1,0
JOWAI,MEGHALAYA,1407,37,399.5,100.0,93,0,2
DIMAPUR,NAGALAND,103,4,61.7,17.4,7,1,0
KOHIMA,NAGALAND,1405,40,209.0,51.7,78,0,2
DIMAPUR,NAGALAND,79,3,212.5,56.5,6,1,0
NONGPOH,MEGHALAYA,293,7,105.7,27.8,10,1,0
AGARTALA,TRIPURA,48,4,313.2,92.0,16,0,2
AIZAWL,MIZORAM,1163,40,146.7,45.6,94,0,2
JOWAI,MEGHALAYA,967,13,219.2,66.5,26,1,1
TAWANG,ARUNACHAL PRADESH,1852,18,142.2,37.9,34,1,1
NONGPOH,MEGHALAYA,472,18,365.3,95.0,35,0,2
KOHIMA,NAGALAND,852,15,86.4,16.3,31,1,0
SHILLONG,MEGHALAYA,1093,15,143.7,42.3,17,1,0
NONGPOH,MEGHALAYA,285,8,172.6,54.2,8,1,0
GANGTOK,SIKKIM,1016,22,155.3,50.0,42,1,1
MANGAN,SIKKIM,854,16,81.1,19.6,27,1,0
LUNGLEI,MIZORAM,470,15,180.6,57.2,29,1,1
TAWANG,ARUNACHAL PRADESH,1605,17,171.0,50.1,22,1,1
HAFLONG,ASSAM,493,32,112.5,38.2,65,0,2
ITANAGAR,ARUNACHAL PRADESH,283,40,340.1,87.8,111,0,2
AIZAWL,MIZORAM,1102,44,185.2,47.4,94,0,2
LUNGLEI,MIZORAM,474,13,45.1,15.1,28,1,0
KOHIMA,NAGALAND,890,17,138.7,32.7,31,1,0
NONGPOH,MEGHALAYA,319,8,134.2,39.5,9,1,0
LUNGLEI,MIZORAM,447,14,95.4,25.1,16,1,0
JOWAI,MEGHALAYA,693,15,64.5,14.5,30,1,0
GUWAHATI,ASSAM,40,3,117.5,29.3,2,1,0
NONEY,MANIPUR,670,35,220.0,62.1,76,0,2
GANGTOK,SIKKIM,1630,48,361.7,96.0,117,0,2
HAFLONG,ASSAM,336,13,150.4,44.9,25,1,0
AIZAWL,MIZORAM,749,17,73.8,13.6,23,1,0
JOWAI,MEGHALAYA,728,15,166.1,46.0,25,1,0
KOHIMA,NAGALAND,1423,30,87.5,31.9,89,0,2
LUNGLEI,MIZORAM,383,15,56.2,10.0,15,1,0
IMPHAL,MANIPUR,475,9,106.9,32.8,12,1,0
SILCHAR,ASSAM,20,3,88.0,22.7,11,1,0
ITANAGAR,ARUNACHAL PRADESH,304,38,361.6,94.4,107,0,2
NONEY,MANIPUR,443,14,46.0,12.2,27,1,0
SHILLONG,MEGHALAYA,1545,30,406.8,100.0,86,0,2
NONGPOH,MEGHALAYA,515,22,166.1,48.4,23,0,1
IMPHAL,MANIPUR,567,9,60.3,18.9,10,1,0
KOHIMA,NAGALAND,1425,34,120.7,38.2,90,0,2
GUWAHATI,ASSAM,89,8,282.7,76.5,24,0,2
HAFLONG,ASSAM,492,33,313.2,84.4,64,0,2
SILCHAR,ASSAM,40,10,318.5,93.1,42,0,2
JOWAI,MEGHALAYA,770,19,176.2,53.8,31,1,1
AGARTALA,TRIPURA,-23,5,326.3,86.7,9,0,1
SILCHAR,ASSAM,23,3,128.2,36.7,14,1,0
DIMAPUR,NAGALAND,99,3,204.6,57.7,9,1,0
HAFLONG,ASSAM,529,30,264.1,72.6,70,0,2
TAWANG,ARUNACHAL PRADESH,1817,23,105.5,31.2,35,1,1
KOHIMA,NAGALAND,1472,36,258.2,71.7,78,0,2
JOWAI,MEGHALAYA,801,16,134.2,30.3,19,1,0
JOWAI,MEGHALAYA,1344,34,245.0,61.6,81,0,2
GANGTOK,SIKKIM,1041,20,105.9,31.1,28,1,0
HAFLONG,ASSAM,498,36,395.7,100.0,77,0,2
AGARTALA,TRIPURA,21,7,399.0,100.0,21,0,2
DIMAPUR,NAGALAND,183,8,93.8,19.2,31,0,0
LUNGLEI,MIZORAM,709,40,114.4,27.5,71,0,2
GANGTOK,SIKKIM,1634,46,164.6,47.7,126,0,2
NONGPOH,MEGHALAYA,332,9,161.4,48.1,9,1,0
MANGAN,SIKKIM,1181,43,216.5,57.5,127,0,2
NONGPOH,MEGHALAYA,355,9,219.4,66.5,9,1,0
MANGAN,SIKKIM,847,18,138.2,36.4,29,1,0
AIZAWL,MIZORAM,838,16,170.7,55.1,25,1,1
GUWAHATI,ASSAM,53,4,414.7,100.0,11,0,2
KOHIMA,NAGALAND,1439,38,269.1,81.6,88,0,2
JOWAI,MEGHALAYA,1344,38,133.1,33.2,89,0,2
NONEY,MANIPUR,632,34,274.0,77.2,72,0,2
IMPHAL,MANIPUR,787,21,246.0,74.7,37,0,2
SHILLONG,MEGHALAYA,776,14,180.4,56.9,20,1,1
KOHIMA,NAGALAND,1039,14,61.7,21.5,31,1,0
GUWAHATI,ASSAM,28,3,141.7,36.6,3,1,0
NONEY,MANIPUR,606,40,419.1,100.0,93,0,2
TAWANG,ARUNACHAL PRADESH,2648,46,347.4,90.9,109,0,2
KOHIMA,NAGALAND,1464,39,96.8,25.3,95,0,2
HAFLONG,ASSAM,320,15,64.3,18.8,16,1,0
ITANAGAR,ARUNACHAL PRADESH,212,14,172.4,43.8,33,1,0
HAFLONG,ASSAM,355,12,56.1,18.3,27,1,0
MANGAN,SIKKIM,704,18,44.4,10.0,38,1,0
DIMAPUR,NAGALAND,95,3,82.0,25.7,9,1,0
JOWAI,MEGHALAYA,1354,31,402.6,100.0,85,0,2
LUNGLEI,MIZORAM,725,33,233.0,57.1,77,0,2
IMPHAL,MANIPUR,772,22,335.1,93.9,48,0,2
JOWAI,MEGHALAYA,1388,40,259.1,68.1,99,0,2
SILCHAR,ASSAM,20,3,123.7,41.5,12,1,0
HAFLONG,ASSAM,340,14,104.8,22.8,27,1,0
LUNGLEI,MIZORAM,402,15,57.9,13.1,30,1,0
HAFLONG,ASSAM,497,34,270.6,78.6,76,0,2
SILCHAR,ASSAM,62,4,246.6,72.4,48,0,1
GUWAHATI,ASSAM,36,3,219.3,68.6,3,1,0
AIZAWL,MIZORAM,1172,38,382.7,100.0,94,0,2
GUWAHATI,ASSAM,30,3,64.7,21.7,3,1,0
TAWANG,ARUNACHAL PRADESH,2673,43,131.9,44.2,118,0,2
KOHIMA,NAGALAND,917,13,137.4,43.0,18,1,0
JOWAI,MEGHALAYA,927,18,117.4,39.2,33,1,0
JOWAI,MEGHALAYA,1380,32,261.2,76.1,95,0,2
NONGPOH,MEGHALAYA,344,6,97.4,34.6,6,1,0
MANGAN,SIKKIM,732,24,208.0,54.2,45,1,1
IMPHAL,MANIPUR,762,16,339.2,96.0,32,0,2
AIZAWL,MIZORAM,1168,37,313.7,84.9,89,0,2
ITANAGAR,ARUNACHAL PRADESH,344,43,322.1,87.5,110,0,2
GANGTOK,SIKKIM,1020,16,113.5,39.0,28,1,0
AIZAWL,MIZORAM,628,18,76.8,16.2,22,1,0
AGARTALA,TRIPURA,20,3,117.0,36.9,3,1,0
GANGTOK,SIKKIM,987,22,136.5,40.2,36,1,1
SILCHAR,ASSAM,52,7,378.4,100.0,39,0,2
GANGTOK,SIKKIM,1681,44,340.2,100.0,121,0,2
IMPHAL,MANIPUR,479,9,91.5,20.1,14,1,0
LUNGLEI,MIZORAM,748,34,362.2,99.8,82,0,2
TAWANG,ARUNACHAL PRADESH,2643,49,265.8,72.1,122,0,2
KOHIMA,NAGALAND,730,14,201.2,62.0,31,1,1
HAFLONG,ASSAM,297,14,69.5,23.0,24,1,0
HAFLONG,ASSAM,529,36,109.0,33.6,73,0,2
TAWANG,ARUNACHAL PRADESH,2668,48,94.9,21.1,112,0,2
KOHIMA,NAGALAND,1424,32,341.5,87.7,77,0,2
LUNGLEI,MIZORAM,492,19,72.5,26.5,20,1,0
IMPHAL,MANIPUR,825,18,235.9,71.2,32,0,2
GUWAHATI,ASSAM,30,3,113.8,24.9,3,1,0
GUWAHATI,ASSAM,85,5,293.7,86.7,21,0,1
IMPHAL,MANIPUR,769,16,302.1,76.5,33,0,2
SILCHAR,ASSAM,20,3,218.9,55.4,10,1,0
LUNGLEI,MIZORAM,740,41,396.7,100.0,79,0,2
LUNGLEI,MIZORAM,427,15,116.9,33.3,16,1,0
LUNGLEI,MIZORAM,385,17,134.9,37.9,19,1,0
IMPHAL,MANIPUR,759,23,413.0,100.0,55,0,2
HAFLONG,ASSAM,348,14,167.2,45.3,25,1,0
KOHIMA,NAGALAND,911,18,63.3,18.6,22,1,0
TAWANG,ARUNACHAL PRADESH,1657,16,167.5,54.2,35,1,1
GUWAHATI,ASSAM,18,8,350.9,100.0,22,0,2
IMPHAL,MANIPUR,474,7,154.8,35.2,13,1,0
IMPHAL,MANIPUR,442,6,139.0,42.9,10,1,0
SHILLONG,MEGHALAYA,892,13,45.2,10.0,24,1,0
KOHIMA,NAGALAND,1054,15,46.4,10.0,24,1,0
JOWAI,MEGHALAYA,997,16,181.1,48.9,23,1,1
SILCHAR,ASSAM,22,3,43.4,13.3,14,1,0
KOHIMA,NAGALAND,745,12,101.0,26.1,30,1,0
NONGPOH,MEGHALAYA,265,6,95.5,32.3,10,1,0
SILCHAR,ASSAM,21,3,121.3,40.9,11,1,0
IMPHAL,MANIPUR,427,7,76.4,14.7,8,1,0
TAWANG,ARUNACHAL PRADESH,2681,48,144.7,47.0,104,0,2
TAWANG,ARUNACHAL PRADESH,1845,16,188.0,59.2,41,1,1
JOWAI,MEGHALAYA,1344,38,322.7,90.0,90,0,2
GUWAHATI,ASSAM,40,3,55.7,14.9,3,1,0
SILCHAR,ASSAM,61,10,186.2,53.0,61,0,1
LUNGLEI,MIZORAM,723,35,177.4,49.8,74,0,2
AGARTALA,TRIPURA,9,4,173.0,40.3,5,0,0
TAWANG,ARUNACHAL PRADESH,2646,48,266.8,70.4,111,0,2
LUNGLEI,MIZORAM,703,33,288.5,77.6,77,0,2
AGARTALA,TRIPURA,-9,4,387.1,100.0,13,0,2
GANGTOK,SIKKIM,1621,44,140.9,40.7,117,0,2
AGARTALA,TRIPURA,20,3,160.8,45.2,2,1,0
AGARTALA,TRIPURA,-14,6,234.9,68.2,5,0,1
AGARTALA,TRIPURA,20,3,151.0,48.6,2,1,0
GANGTOK,SIKKIM,1652,43,245.8,61.3,119,0,2
SHILLONG,MEGHALAYA,944,14,102.8,29.8,19,1,0
TAWANG,ARUNACHAL PRADESH,2671,41,269.1,67.9,110,0,2
LUNGLEI,MIZORAM,433,15,138.6,46.1,25,1,0
